"統計期","學制別","總計[人]","升學/合計[人]","升學/大學校院[人]","升學/專科學校[人]","升學/高中或高職[人]","升學/師專師院[人]","升學/軍警學校[人]","升學/其他[人]","就業/合計[人]","就業/農林漁牧狩獵業[人]","就業/礦業及土石採取業[人]","就業/製造業或營造業[人]","就業/水電燃氣業[人]","就業/批發零售及餐飲業[人]","就業/金融保險不動產及租賃業[人]","就業/運輸倉儲通信業[人]","就業/社會及個人服務業[人]","就業/其他[人]","閒居[人]","其他[人]"
"57學年","總計",34446,25910,0,9598,14577,195,341,1199,6195,67,576,0,0,4566,0,0,315,671,1427,914
"57學年","高中(職)",13914,7438,0,6589,0,9,234,606,4762,27,227,0,0,3791,0,0,224,493,1174,540
"57學年","初中(職)",20532,18472,0,3009,14577,186,107,593,1433,40,349,0,0,775,0,0,91,178,253,374
"57學年","高級中學",0,0,0,0,0,0,0,0,0,0,0,0,0,0,0,0,0,0,0,0
"57學年","高級職業學校",0,0,0,0,0,0,0,0,0,0,0,0,0,0,0,0,0,0,0,0
"57學年","國民中學",0,0,0,0,0,0,0,0,0,0,0,0,0,0,0,0,0,0,0,0
"58學年","總計",41640,30068,0,8636,18846,255,468,1863,8905,162,1996,0,0,4774,0,0,230,1743,1199,1468
"58學年","高中(職)",14759,6754,0,6022,0,32,332,368,5919,89,1374,0,0,3558,0,0,137,761,877,1209
"58學年","初中(職)",26881,23314,0,2614,18846,223,136,1495,2986,73,622,0,0,1216,0,0,93,982,322,259
"58學年","高級中學",0,0,0,0,0,0,0,0,0,0,0,0,0,0,0,0,0,0,0,0
"58學年","高級職業學校",0,0,0,0,0,0,0,0,0,0,0,0,0,0,0,0,0,0,0,0
"58學年","國民中學",0,0,0,0,0,0,0,0,0,0,0,0,0,0,0,0,0,0,0,0
"59學年","總計",52318,34632,0,12093,19926,488,997,1128,12896,245,3387,0,0,7319,0,0,296,1649,2036,2754
"59學年","高中(職)",18797,7779,0,6609,0,19,564,587,8123,71,1324,0,0,5827,0,0,240,661,1566,1329
"59學年","初中(職)",2340,1944,0,101,1750,6,51,36,256,3,104,0,0,136,0,0,1,12,87,53
"59學年","高級中學",0,0,0,0,0,0,0,0,0,0,0,0,0,0,0,0,0,0,0,0
"59學年","高級職業學校",0,0,0,0,0,0,0,0,0,0,0,0,0,0,0,0,0,0,0,0
"59學年","國民中學",31181,24909,0,5383,18176,463,382,505,4517,171,1959,0,0,1356,0,0,55,976,383,1372
"60學年","總計",54399,35790,0,13205,19740,266,586,1993,14126,285,4384,0,0,6913,0,0,373,2171,2082,2401
"60學年","高中(職)",0,0,0,0,0,0,0,0,0,0,0,0,0,0,0,0,0,0,0,0
"60學年","初中(職)",0,0,0,0,0,0,0,0,0,0,0,0,0,0,0,0,0,0,0,0
"60學年","高級中學",10911,7908,0,6866,0,0,250,792,1695,56,252,0,0,672,0,0,79,636,546,762
"60學年","高級職業學校",9879,562,0,293,0,0,153,116,7311,69,1900,0,0,4563,0,0,239,540,1303,703
"60學年","國民中學",33609,27320,0,6046,19740,266,183,1085,5120,160,2232,0,0,1678,0,0,55,995,233,936
"61學年","總計",61887,39783,0,16295,19751,262,1097,2378,15894,283,5240,0,0,7362,0,0,626,2383,1994,4216
"61學年","高中(職)",0,0,0,0,0,0,0,0,0,0,0,0,0,0,0,0,0,0,0,0
"61學年","初中(職)",0,0,0,0,0,0,0,0,0,0,0,0,0,0,0,0,0,0,0,0
"61學年","高級中學",13767,10189,0,8507,0,2,771,909,2316,76,497,0,0,1134,0,0,111,498,273,989
"61學年","高級職業學校",11983,561,0,445,0,1,86,29,8064,24,1987,0,0,4449,0,0,375,1229,1291,2067
"61學年","國民中學",36137,29033,0,7343,19751,259,240,1440,5514,183,2756,0,0,1779,0,0,140,656,430,1160
"62學年","總計",62556,40093,0,16147,19652,298,1041,2955,16418,297,5611,0,0,7325,0,0,566,2619,1560,4485
"62學年","高中(職)",0,0,0,0,0,0,0,0,0,0,0,0,0,0,0,0,0,0,0,0
"62學年","初中(職)",0,0,0,0,0,0,0,0,0,0,0,0,0,0,0,0,0,0,0,0
"62學年","高級中學",12949,9829,0,7868,0,2,702,1257,1981,81,501,0,0,982,0,0,106,311,153,986
"62學年","高級職業學校",11649,572,0,436,0,1,92,43,8214,18,2092,0,0,4512,0,0,313,1279,881,1982
"62學年","國民中學",37958,29692,0,7843,19652,295,247,1655,6223,198,3018,0,0,1831,0,0,147,1029,526,1517
"63學年","總計",62783,37599,0,12052,21823,215,810,2699,16630,161,6154,0,0,7118,0,0,332,2865,4281,4273
"63學年","高中(職)",0,0,0,0,0,0,0,0,0,0,0,0,0,0,0,0,0,0,0,0
"63學年","初中(職)",0,0,0,0,0,0,0,0,0,0,0,0,0,0,0,0,0,0,0,0
"63學年","高級中學",12393,8499,0,7519,0,4,272,704,1402,24,353,0,0,602,0,0,64,359,1312,1180
"63學年","高級職業學校",12130,657,0,510,0,0,98,49,9364,85,3802,0,0,4445,0,0,222,810,1405,704
"63學年","國民中學",38260,28443,0,4023,21823,211,440,1946,5864,52,1999,0,0,2071,0,0,46,1696,1564,2389
"64學年","總計",68432,40271,0,14780,21251,241,1004,2995,18351,183,6545,0,0,8016,0,0,391,3216,4914,4896
"64學年","高中(職)",0,0,0,0,0,0,0,0,0,0,0,0,0,0,0,0,0,0,0,0
"64學年","初中(職)",0,0,0,0,0,0,0,0,0,0,0,0,0,0,0,0,0,0,0,0
"64學年","高級中學",12966,8702,0,7562,0,0,399,741,1545,27,396,0,0,646,0,0,92,384,1437,1282
"64學年","高級職業學校",14821,1073,0,895,0,0,80,98,10743,91,4134,0,0,5161,0,0,253,1104,1876,1129
"64學年","國民中學",40645,30496,0,6323,21251,241,525,2156,6063,65,2015,0,0,2209,0,0,46,1728,1601,2485
"65學年","總計",68731,41389,0,13539,23720,95,799,3236,19853,258,6300,0,0,10020,0,0,481,2794,2606,4883
"65學年","高中(職)",0,0,0,0,0,0,0,0,0,0,0,0,0,0,0,0,0,0,0,0
"65學年","初中(職)",0,0,0,0,0,0,0,0,0,0,0,0,0,0,0,0,0,0,0,0
"65學年","高級中學",11884,8455,0,7669,0,14,276,496,1310,28,280,0,0,581,0,0,72,349,600,1519
"65學年","高級職業學校",15388,1412,0,1108,0,0,158,146,11807,42,2522,0,0,7381,0,0,395,1467,963,1206
"65學年","國民中學",41459,31522,0,4762,23720,81,365,2594,6736,188,3498,0,0,2058,0,0,14,978,1043,2158
"66學年","總計",71909,41881,0,14433,24641,284,1126,1397,20949,282,5698,0,0,11771,0,0,575,2623,3207,5872
"66學年","高中(職)",0,0,0,0,0,0,0,0,0,0,0,0,0,0,0,0,0,0,0,0
"66學年","初中(職)",0,0,0,0,0,0,0,0,0,0,0,0,0,0,0,0,0,0,0,0
"66學年","高級中學",12988,8313,0,7828,0,51,296,138,1938,42,375,0,0,874,0,0,141,506,820,1917
"66學年","高級職業學校",15600,1478,0,961,3,143,276,95,12365,71,2049,0,0,8698,0,0,374,1173,792,965
"66學年","國民中學",43321,32090,0,5644,24638,90,554,1164,6646,169,3274,0,0,2199,0,0,60,944,1595,2990
"67學年","總計",69702,43056,0,14453,25226,59,914,2404,17082,203,7147,0,0,7301,0,0,476,1955,2971,6593
"67學年","高中(職)",0,0,0,0,0,0,0,0,0,0,0,0,0,0,0,0,0,0,0,0
"67學年","初中(職)",0,0,0,0,0,0,0,0,0,0,0,0,0,0,0,0,0,0,0,0
"67學年","高級中學",13150,9013,0,8341,0,0,326,346,1591,62,397,0,0,777,0,0,35,320,1172,1374
"67學年","高級職業學校",13397,1779,0,1321,0,2,168,288,9330,52,3165,0,0,4767,0,0,394,952,703,1585
"67學年","國民中學",43155,32264,0,4791,25226,57,420,1770,6161,89,3585,0,0,1757,0,0,47,683,1096,3634
"68學年","總計",71834,43539,0,13932,24538,894,803,3372,18515,308,6795,0,0,9103,0,0,664,1645,1762,8018
"68學年","高中(職)",0,0,0,0,0,0,0,0,0,0,0,0,0,0,0,0,0,0,0,0
"68學年","初中(職)",0,0,0,0,0,0,0,0,0,0,0,0,0,0,0,0,0,0,0,0
"68學年","高級中學",12208,8674,0,7819,0,10,174,671,1148,42,241,0,0,553,0,0,165,147,483,1903
"68學年","高級職業學校",16506,2015,0,1366,0,18,179,452,12191,166,3376,0,0,7177,0,0,472,1000,771,1529
"68學年","國民中學",43120,32850,0,4747,24538,866,450,2249,5176,100,3178,0,0,1373,0,0,27,498,508,4586
"69學年","總計",73386,45743,0,14927,23035,3665,767,3349,17907,100,5965,0,0,9820,0,0,513,1509,2059,7677
"69學年","高中(職)",0,0,0,0,0,0,0,0,0,0,0,0,0,0,0,0,0,0,0,0
"69學年","初中(職)",0,0,0,0,0,0,0,0,0,0,0,0,0,0,0,0,0,0,0,0
"69學年","高級中學",13316,9595,0,8726,0,4,165,700,1073,7,155,0,0,388,0,0,46,477,472,2176
"69學年","高級職業學校",17347,2019,0,1446,0,10,191,372,12848,49,3439,0,0,8278,0,0,440,642,812,1668
"69學年","國民中學",42723,34129,0,4755,23035,3651,411,2277,3986,44,2371,0,0,1154,0,0,27,390,775,3833
"70學年","總計",74686,46149,0,14708,26556,75,828,3982,18082,239,6370,0,0,9759,0,0,568,1146,2197,8258
"70學年","高中(職)",0,0,0,0,0,0,0,0,0,0,0,0,0,0,0,0,0,0,0,0
"70學年","初中(職)",0,0,0,0,0,0,0,0,0,0,0,0,0,0,0,0,0,0,0,0
"70學年","高級中學",14019,10233,0,9003,0,2,255,973,1175,7,270,0,0,628,0,0,51,219,522,2089
"70學年","高級職業學校",19091,2577,0,1458,0,14,201,904,13562,43,4168,0,0,8271,0,0,506,574,1154,1798
"70學年","國民中學",41576,33339,0,4247,26556,59,372,2105,3345,189,1932,0,0,860,0,0,11,353,521,4371
"71學年","總計",78048,46944,0,15438,26564,385,941,3616,19921,95,7317,0,0,9972,0,0,1183,1354,2025,9158
"71學年","高中(職)",0,0,0,0,0,0,0,0,0,0,0,0,0,0,0,0,0,0,0,0
"71學年","初中(職)",0,0,0,0,0,0,0,0,0,0,0,0,0,0,0,0,0,0,0,0
"71學年","高級中學",14249,10156,0,9364,0,4,244,544,1254,4,134,0,0,347,0,0,502,267,152,2687
"71學年","高級職業學校",21435,2401,0,1466,0,23,262,650,15610,43,5266,0,0,8735,0,0,675,891,1283,2141
"71學年","國民中學",42364,34387,0,4608,26564,358,435,2422,3057,48,1917,0,0,890,0,0,6,196,590,4330
"72學年","總計",80345,44518,0,14737,27746,134,860,1041,19014,124,6711,0,0,9964,0,0,776,1439,4281,12532
"72學年","高中(職)",0,0,0,0,0,0,0,0,0,0,0,0,0,0,0,0,0,0,0,0
"72學年","初中(職)",0,0,0,0,0,0,0,0,0,0,0,0,0,0,0,0,0,0,0,0
"72學年","高級中學",14084,9399,0,9124,0,42,200,33,1125,7,158,0,0,488,0,0,197,275,574,2986
"72學年","高級職業學校",22310,1676,0,1267,0,9,240,160,14818,58,4883,0,0,8438,0,0,570,869,1466,4350
"72學年","國民中學",43951,33443,0,4346,27746,83,420,848,3071,59,1670,0,0,1038,0,0,9,295,2241,5196
"73學年","總計",82850,44718,0,14573,28630,122,846,547,17173,91,6667,0,0,8594,0,0,638,1183,16036,4923
"73學年","高中(職)",0,0,0,0,0,0,0,0,0,0,0,0,0,0,0,0,0,0,0,0
"73學年","初中(職)",0,0,0,0,0,0,0,0,0,0,0,0,0,0,0,0,0,0,0,0
"73學年","高級中學",14372,9430,0,9134,0,14,230,52,836,0,127,0,0,470,0,0,92,147,3438,668
"73學年","高級職業學校",23550,1699,0,1393,0,3,274,29,13488,59,4757,0,0,7291,0,0,532,849,5741,2622
"73學年","國民中學",44928,33589,0,4046,28630,105,342,466,2849,32,1783,0,0,833,0,0,14,187,6857,1633
"74學年","總計",83204,47125,0,14544,30835,48,886,812,18302,210,30,3460,749,9784,1405,628,1683,353,14180,3597
"74學年","高中(職)",0,0,0,0,0,0,0,0,0,0,0,0,0,0,0,0,0,0,0,0
"74學年","初中(職)",0,0,0,0,0,0,0,0,0,0,0,0,0,0,0,0,0,0,0,0
"74學年","高級中學",14705,9239,0,9026,0,2,210,1,825,12,3,98,20,323,94,58,176,41,4068,573
"74學年","高級職業學校",23912,1656,0,1374,0,1,273,8,14968,153,24,2388,623,8818,1104,520,1095,243,5637,1651
"74學年","國民中學",44587,36230,0,4144,30835,45,403,803,2509,45,3,974,106,643,207,50,412,69,4475,1373
"75學年","總計",82506,47266,0,15847,29990,6,570,853,18291,144,48,3557,513,8350,1929,1148,1445,1157,14109,2840
"75學年","高中(職)",0,0,0,0,0,0,0,0,0,0,0,0,0,0,0,0,0,0,0,0
"75學年","初中(職)",0,0,0,0,0,0,0,0,0,0,0,0,0,0,0,0,0,0,0,0
"75學年","高級中學",14817,9872,0,9688,0,3,181,0,735,6,3,92,10,242,63,113,126,80,3820,390
"75學年","高級職業學校",23683,1692,0,1520,0,0,171,1,15376,124,42,2675,430,7545,1705,973,993,889,5394,1221
"75學年","國民中學",44006,35702,0,4639,29990,3,218,852,2180,14,3,790,73,563,161,62,326,188,4895,1229
"76學年","總計",85108,48162,0,16632,29768,14,688,1060,18813,220,141,3752,774,8194,1621,1651,1380,1080,14700,3433
"76學年","高中(職)",0,0,0,0,0,0,0,0,0,0,0,0,0,0,0,0,0,0,0,0
"76學年","初中(職)",0,0,0,0,0,0,0,0,0,0,0,0,0,0,0,0,0,0,0,0
"76學年","高級中學",15572,10514,0,10283,0,6,225,0,917,16,21,83,40,234,98,80,153,192,3601,540
"76學年","高級職業學校",25644,2199,0,2033,0,0,166,0,15831,191,118,2920,656,7472,1383,1529,760,802,6169,1445
"76學年","國民中學",43892,35449,0,4316,29768,8,297,1060,2065,13,2,749,78,488,140,42,467,86,4930,1448
"77學年","總計",86790,48970,0,17212,30159,9,614,976,18352,169,32,3129,734,8366,2542,885,1711,784,15389,4079
"77學年","高中(職)",0,0,0,0,0,0,0,0,0,0,0,0,0,0,0,0,0,0,0,0
"77學年","初中(職)",0,0,0,0,0,0,0,0,0,0,0,0,0,0,0,0,0,0,0,0
"77學年","高級中學",16276,10370,0,10073,0,1,296,0,985,27,9,165,100,341,125,42,121,55,4431,490
"77學年","高級職業學校",27008,2935,0,2798,0,0,137,0,15722,138,19,2433,559,7614,2301,813,1174,671,6312,2039
"77學年","國民中學",43506,35665,0,4341,30159,8,181,976,1645,4,4,531,75,411,116,30,416,58,4646,1550
"78學年","總計",85327,51199,0,17560,31837,110,480,1212,16500,171,41,2264,439,6241,2516,835,2956,1037,13845,3783
"78學年","高中(職)",0,0,0,0,0,0,0,0,0,0,0,0,0,0,0,0,0,0,0,0
"78學年","初中(職)",0,0,0,0,0,0,0,0,0,0,0,0,0,0,0,0,0,0,0,0
"78學年","高級中學",15984,10822,0,10582,26,72,128,14,841,10,7,58,6,152,113,72,134,289,3737,584
"78學年","高級職業學校",25755,3218,0,2992,9,38,171,8,14355,152,30,1738,360,5922,2212,723,2510,708,6633,1549
"78學年","國民中學",43588,37159,0,3986,31802,0,181,1190,1304,9,4,468,73,167,191,40,312,40,3475,1650
"79學年","總計",87091,56304,0,19326,34428,182,508,1860,14184,76,16,1861,410,5735,2016,550,2708,812,13548,3055
"79學年","高中(職)",0,0,0,0,0,0,0,0,0,0,0,0,0,0,0,0,0,0,0,0
"79學年","初中(職)",0,0,0,0,0,0,0,0,0,0,0,0,0,0,0,0,0,0,0,0
"79學年","高級中學",16057,11633,0,11384,0,127,95,27,629,4,0,14,7,112,166,29,90,207,3449,346
"79學年","高級職業學校",24648,3904,0,3586,0,55,228,35,12391,69,14,1493,356,5515,1707,495,2253,489,6793,1560
"79學年","國民中學",46386,40767,0,4356,34428,0,185,1798,1164,3,2,354,47,108,143,26,365,116,3306,1149
"80學年","總計",86224,56943,0,21130,33869,259,417,1268,13967,55,13,1516,381,5584,2281,569,2660,908,12068,3246
"80學年","高中(職)",0,0,0,0,0,0,0,0,0,0,0,0,0,0,0,0,0,0,0,0
"80學年","初中(職)",0,0,0,0,0,0,0,0,0,0,0,0,0,0,0,0,0,0,0,0
"80學年","高級中學",16272,12410,0,12181,0,181,48,0,478,0,0,7,5,85,102,16,139,124,2842,542
"80學年","高級職業學校",25264,5097,0,4791,0,78,228,0,12368,53,9,1226,330,5372,1932,523,2209,714,6382,1417
"80學年","國民中學",44688,39436,0,4158,33869,0,141,1268,1121,2,4,283,46,127,247,30,312,70,2844,1287
"81學年","總計",87237,59452,0,23123,34237,249,539,1304,13760,70,29,999,404,5048,2728,761,2615,1106,11313,2712
"81學年","高中(職)",0,0,0,0,0,0,0,0,0,0,0,0,0,0,0,0,0,0,0,0
"81學年","初中(職)",0,0,0,0,0,0,0,0,0,0,0,0,0,0,0,0,0,0,0,0
"81學年","高級中學",16523,13195,0,12880,0,182,75,58,374,1,4,4,11,88,97,38,85,46,2710,244
"81學年","高級職業學校",25991,5920,0,5457,0,65,279,119,12494,66,23,831,364,4871,2519,665,2197,958,6096,1481
"81學年","國民中學",44723,40337,0,4786,34237,2,185,1127,892,3,2,164,29,89,112,58,333,102,2507,987
"82學年","總計",91843,62411,0,24653,35428,238,530,1562,14596,24,63,1128,293,4980,2525,667,3558,1358,11868,2968
"82學年","高中(職)",0,0,0,0,0,0,0,0,0,0,0,0,0,0,0,0,0,0,0,0
"82學年","初中(職)",0,0,0,0,0,0,0,0,0,0,0,0,0,0,0,0,0,0,0,0
"82學年","高級中學",18547,14326,0,14068,0,157,101,0,546,1,1,5,1,98,98,28,139,175,3191,484
"82學年","高級職業學校",26573,6749,0,6131,0,81,215,322,12937,22,62,913,250,4767,2288,615,3031,989,5803,1084
"82學年","國民中學",46723,41336,0,4454,35428,0,214,1240,1113,1,0,210,42,115,139,24,388,194,2874,1400
"83學年","總計",91044,62184,0,24833,35365,303,364,1319,14585,65,62,973,361,5995,2654,456,2832,1187,11568,2707
"83學年","高中(職)",0,0,0,0,0,0,0,0,0,0,0,0,0,0,0,0,0,0,0,0
"83學年","初中(職)",0,0,0,0,0,0,0,0,0,0,0,0,0,0,0,0,0,0,0,0
"83學年","高級中學",18483,14060,0,13556,54,286,105,59,412,0,0,6,0,120,105,19,114,48,3764,247
"83學年","高級職業學校",26730,6791,0,6658,0,17,111,5,13206,63,57,782,307,5735,2412,424,2382,1044,5595,1138
"83學年","國民中學",45831,41333,0,4619,35311,0,148,1255,967,2,5,185,54,140,137,13,336,95,2209,1322
"84學年","總計",86471,60637,0,25347,33379,414,337,1160,13132,42,38,949,221,5001,2294,633,2689,1265,10388,2314
"84學年","高中(職)",0,0,0,0,0,0,0,0,0,0,0,0,0,0,0,0,0,0,0,0
"84學年","初中(職)",0,0,0,0,0,0,0,0,0,0,0,0,0,0,0,0,0,0,0,0
"84學年","高級中學",19131,14406,0,13908,44,350,98,6,471,2,0,18,4,115,138,22,131,41,3909,345
"84學年","高級職業學校",25308,7347,0,7146,1,64,112,24,11892,37,30,839,191,4779,2034,594,2379,1009,5072,997
"84學年","國民中學",42032,38884,0,4293,33334,0,127,1130,769,3,8,92,26,107,122,17,179,215,1407,972
"85學年","總計",88325,64017,0,26997,34977,467,388,1188,11869,9,7,856,153,4545,2231,776,2065,1227,10110,2329
"85學年","高中(職)",0,0,0,0,0,0,0,0,0,0,0,0,0,0,0,0,0,0,0,0
"85學年","初中(職)",0,0,0,0,0,0,0,0,0,0,0,0,0,0,0,0,0,0,0,0
"85學年","高級中學",19353,15392,0,14806,0,372,186,28,485,0,0,9,2,134,77,35,160,68,3252,224
"85學年","高級職業學校",25450,7964,0,7731,0,92,77,64,10750,9,4,773,136,4319,2076,722,1759,952,5736,1000
"85學年","國民中學",43522,40661,0,4460,34977,3,125,1096,634,0,3,74,15,92,78,19,146,207,1122,1105
"86學年","總計",86734,63962,0,27383,35062,410,198,909,11639,11,10,800,277,4600,2238,455,2253,995,9164,1969
"86學年","高中(職)",0,0,0,0,0,0,0,0,0,0,0,0,0,0,0,0,0,0,0,0
"86學年","初中(職)",0,0,0,0,0,0,0,0,0,0,0,0,0,0,0,0,0,0,0,0
"86學年","高級中學",19930,16136,0,15667,0,373,75,21,492,0,0,0,0,32,226,26,141,67,3151,151
"86學年","高級職業學校",25022,8230,0,7805,260,37,52,76,10694,10,10,748,274,4551,1904,424,1953,820,5127,971
"86學年","國民中學",41782,39596,0,3911,34802,0,71,812,453,1,0,52,3,17,108,5,159,108,886,847
"87學年","總計",84478,62523,0,28302,32912,318,221,770,10527,12,1,588,260,3229,2376,818,2335,908,9454,1974
"87學年","高中(職)",0,0,0,0,0,0,0,0,0,0,0,0,0,0,0,0,0,0,0,0
"87學年","初中(職)",0,0,0,0,0,0,0,0,0,0,0,0,0,0,0,0,0,0,0,0
"87學年","高級中學",20910,16696,0,16329,0,286,75,6,603,0,0,2,0,54,127,29,349,42,3414,197
"87學年","高級職業學校",24188,8017,0,7871,0,27,33,86,9590,12,1,546,249,3129,2193,786,1879,795,5555,1026
"87學年","國民中學",39380,37810,0,4102,32912,5,113,678,334,0,0,40,11,46,56,3,107,71,485,751
"88學年","總計",83739,64572,0,31018,32329,444,189,592,8827,16,3,554,155,840,1225,362,5579,93,8354,1986
"88學年","高中(職)",0,0,0,0,0,0,0,0,0,0,0,0,0,0,0,0,0,0,0,0
"88學年","初中(職)",0,0,0,0,0,0,0,0,0,0,0,0,0,0,0,0,0,0,0,0
"88學年","高級中學",22903,18796,0,18269,0,416,76,35,581,6,0,3,0,37,126,5,404,0,3131,395
"88學年","高級職業學校",22879,9712,0,9547,0,28,40,97,8032,10,3,518,145,759,1098,355,5051,93,4311,824
"88學年","國民中學",37957,36064,0,3202,32329,0,73,460,214,0,0,33,10,44,1,2,124,0,912,767
"89學年","總計",78345,61761,0,31221,29558,267,165,550,6371,5,1,663,90,1859,333,257,3104,59,7055,3158
"89學年","高中(職)",0,0,0,0,0,0,0,0,0,0,0,0,0,0,0,0,0,0,0,0
"89學年","初中(職)",0,0,0,0,0,0,0,0,0,0,0,0,0,0,0,0,0,0,0,0
"89學年","高級中學",23309,19291,0,18972,0,225,81,13,356,2,0,31,1,103,39,9,157,14,3067,595
"89學年","高級職業學校",21441,10178,0,9995,0,42,32,109,5865,1,1,623,88,1707,294,248,2858,45,3643,1755
"89學年","國民中學",33595,32292,0,2254,29558,0,52,428,150,2,0,9,1,49,0,0,89,0,345,808
"90學年","總計",76328,62467,0,32074,29113,619,99,562,5100,5,2,158,75,1119,425,218,2998,100,6491,2270
"90學年","高中(職)",0,0,0,0,0,0,0,0,0,0,0,0,0,0,0,0,0,0,0,0
"90學年","初中(職)",0,0,0,0,0,0,0,0,0,0,0,0,0,0,0,0,0,0,0,0
"90學年","高級中學",24165,20564,0,19905,0,610,40,9,423,1,1,5,0,96,35,3,252,30,2805,373
"90學年","高級職業學校",19544,10396,0,10062,0,9,24,301,4553,3,1,151,72,992,390,213,2662,69,3313,1282
"90學年","國民中學",32619,31507,0,2107,29113,0,35,252,124,1,0,2,3,31,0,2,84,1,373,615
"91學年","總計",46163,32393,28064,4141,0,0,67,242,7168,2,10,286,116,2466,318,254,3584,132,5016,1586
"91學年","高中(職)",0,0,0,0,0,0,0,0,0,0,0,0,0,0,0,0,0,0,0,0
"91學年","初中(職)",0,0,0,0,0,0,0,0,0,0,0,0,0,0,0,0,0,0,0,0
"91學年","高級中學",25423,21740,21093,531,0,0,51,130,916,0,0,16,0,404,10,16,434,36,2449,318
"91學年","高級職業學校",20740,10653,6971,3610,0,0,16,112,6252,2,10,270,116,2062,308,238,3150,96,2567,1268
"91學年","國民中學",0,0,0,0,0,0,0,0,0,0,0,0,0,0,0,0,0,0,0,0
"92學年","總計",39686,29694,27312,2173,0,0,63,292,5906,48,8,248,98,1938,206,198,3092,70,2944,1142
"92學年","高中(職)",0,0,0,0,0,0,0,0,0,0,0,0,0,0,0,0,0,0,0,0
"92學年","初中(職)",0,0,0,0,0,0,0,0,0,0,0,0,0,0,0,0,0,0,0,0
"92學年","高級中學",23192,20669,20324,192,0,0,46,214,668,46,0,10,4,312,14,8,258,16,1631,224
"92學年","高級職業學校",16494,9025,6988,1981,0,0,17,78,5238,2,8,238,94,1626,192,190,2834,54,1313,918
"92學年","國民中學",0,0,0,0,0,0,0,0,0,0,0,0,0,0,0,0,0,0,0,0
"93學年","總計",39160,30545,28614,1747,0,0,38,292,5024,6,12,192,60,2046,174,174,2274,86,2598,993
"93學年","高中(職)",0,0,0,0,0,0,0,0,0,0,0,0,0,0,0,0,0,0,0,0
"93學年","初中(職)",0,0,0,0,0,0,0,0,0,0,0,0,0,0,0,0,0,0,0,0
"93學年","高級中學",24343,21990,21670,182,0,0,33,210,618,2,0,12,2,284,20,12,284,2,1450,285
"93學年","高級職業學校",14817,8555,6944,1565,0,0,5,82,4406,4,12,180,58,1762,154,162,1990,84,1148,708
"93學年","國民中學",0,0,0,0,0,0,0,0,0,0,0,0,0,0,0,0,0,0,0,0
"94學年","總計",39223,31785,30042,1440,0,0,92,422,4588,6,2,190,52,1998,166,190,1974,10,2218,632
"94學年","高中(職)",0,0,0,0,0,0,0,0,0,0,0,0,0,0,0,0,0,0,0,0
"94學年","初中(職)",0,0,0,0,0,0,0,0,0,0,0,0,0,0,0,0,0,0,0,0
"94學年","高級中學",25381,23149,22742,164,0,0,77,332,858,0,0,38,4,412,42,52,310,0,1203,171
"94學年","高級職業學校",13842,8636,7300,1276,0,0,15,90,3730,6,2,152,48,1586,124,138,1664,10,1015,461
"94學年","國民中學",0,0,0,0,0,0,0,0,0,0,0,0,0,0,0,0,0,0,0,0
"95學年","總計",40407,34372,32927,1128,0,0,101,432,3860,8,6,152,28,1714,54,162,1668,68,1381,794
"95學年","高中(職)",0,0,0,0,0,0,0,0,0,0,0,0,0,0,0,0,0,0,0,0
"95學年","初中(職)",0,0,0,0,0,0,0,0,0,0,0,0,0,0,0,0,0,0,0,0
"95學年","高級中學",25706,24227,23851,133,0,0,87,312,608,4,0,12,2,274,18,38,208,52,692,179
"95學年","高級職業學校",14701,10145,9076,995,0,0,14,120,3252,4,6,140,26,1440,36,124,1460,16,689,615
"95學年","國民中學",0,0,0,0,0,0,0,0,0,0,0,0,0,0,0,0,0,0,0,0
"96學年","總計",40860,36137,34993,833,0,0,160,302,2862,0,4,160,22,1382,20,74,1188,12,1179,682
"96學年","高中(職)",0,0,0,0,0,0,0,0,0,0,0,0,0,0,0,0,0,0,0,0
"96學年","初中(職)",0,0,0,0,0,0,0,0,0,0,0,0,0,0,0,0,0,0,0,0
"96學年","高級中學",25772,24684,24359,73,0,0,137,230,318,0,4,12,4,144,0,2,150,2,604,166
"96學年","高級職業學校",15088,11453,10634,760,0,0,23,72,2544,0,0,148,18,1238,20,72,1038,10,575,516
"96學年","國民中學",0,0,0,0,0,0,0,0,0,0,0,0,0,0,0,0,0,0,0,0
"97學年","總計",38957,35899,34918,567,0,0,203,422,1357,0,0,56,4,664,8,44,573,8,1083,618
"97學年","高中(職)",0,0,0,0,0,0,0,0,0,0,0,0,0,0,0,0,0,0,0,0
"97學年","初中(職)",0,0,0,0,0,0,0,0,0,0,0,0,0,0,0,0,0,0,0,0
"97學年","高級中學",25271,24486,24137,56,0,0,148,290,164,0,0,3,1,80,2,4,68,6,523,98
"97學年","高級職業學校",13686,11413,10781,511,0,0,55,132,1193,0,0,53,3,584,6,40,505,2,560,520
"97學年","國民中學",0,0,0,0,0,0,0,0,0,0,0,0,0,0,0,0,0,0,0,0
"98學年","總計",38624,35516,34812,343,0,0,195,166,1175,0,1,38,12,546,5,41,532,0,1308,625
"98學年","高中(職)",0,0,0,0,0,0,0,0,0,0,0,0,0,0,0,0,0,0,0,0
"98學年","初中(職)",0,0,0,0,0,0,0,0,0,0,0,0,0,0,0,0,0,0,0,0
"98學年","高級中學",24689,23798,23480,21,0,0,171,126,111,0,0,3,1,54,0,1,52,0,646,134
"98學年","高級職業學校",13935,11718,11332,322,0,0,24,40,1064,0,1,35,11,492,5,40,480,0,662,491
"98學年","國民中學",0,0,0,0,0,0,0,0,0,0,0,0,0,0,0,0,0,0,0,0
"99學年","總計",38606,35797,35219,223,0,0,150,371,1023,0,0,13,1,498,6,74,429,2,1312,474
"99學年","高中(職)",0,0,0,0,0,0,0,0,0,0,0,0,0,0,0,0,0,0,0,0
"99學年","初中(職)",0,0,0,0,0,0,0,0,0,0,0,0,0,0,0,0,0,0,0,0
"99學年","高級中學",24371,23389,23082,21,0,0,125,287,74,0,0,1,0,33,0,0,38,2,803,105
"99學年","高級職業學校",14235,12408,12137,202,0,0,25,84,949,0,0,12,1,465,6,74,391,0,509,369
"99學年","國民中學",0,0,0,0,0,0,0,0,0,0,0,0,0,0,0,0,0,0,0,0
"100學年","總計",38310,35798,35183,227,0,0,139,249,851,0,1,19,3,423,12,44,348,1,1249,412
"100學年","高中(職)",0,0,0,0,0,0,0,0,0,0,0,0,0,0,0,0,0,0,0,0
"100學年","初中(職)",0,0,0,0,0,0,0,0,0,0,0,0,0,0,0,0,0,0,0,0
"100學年","高級中學",24068,23143,22805,22,0,0,106,210,70,0,0,1,0,28,10,1,29,1,747,108
"100學年","高級職業學校",14242,12655,12378,205,0,0,33,39,781,0,1,18,3,395,2,43,319,0,502,304
"100學年","國民中學",0,0,0,0,0,0,0,0,0,0,0,0,0,0,0,0,0,0,0,0
"101學年","總計",37897,35617,34990,173,0,0,164,290,992,1,0,26,11,447,6,23,473,5,779,509
"101學年","高中(職)",0,0,0,0,0,0,0,0,0,0,0,0,0,0,0,0,0,0,0,0
"101學年","初中(職)",0,0,0,0,0,0,0,0,0,0,0,0,0,0,0,0,0,0,0,0
"101學年","高級中學",23866,23135,22732,1,0,0,142,260,74,0,0,3,0,33,0,0,38,0,503,154
"101學年","高級職業學校",14031,12482,12258,172,0,0,22,30,918,1,0,23,11,414,6,23,435,5,276,355
"101學年","國民中學",0,0,0,0,0,0,0,0,0,0,0,0,0,0,0,0,0,0,0,0
"102學年","總計",38590,36325,35586,197,0,0,188,354,1032,0,1,35,1,476,10,17,482,10,653,580
"102學年","高中(職)",0,0,0,0,0,0,0,0,0,0,0,0,0,0,0,0,0,0,0,0
"102學年","初中(職)",0,0,0,0,0,0,0,0,0,0,0,0,0,0,0,0,0,0,0,0
"102學年","高級中學",24185,23496,23036,2,0,0,151,307,54,0,0,3,0,21,0,2,27,1,462,173
"102學年","高級職業學校",14405,12829,12550,195,0,0,37,47,978,0,1,32,1,455,10,15,455,9,191,407
"102學年","國民中學",0,0,0,0,0,0,0,0,0,0,0,0,0,0,0,0,0,0,0,0

