年別,行業,所得收入者人數,[一]所得收入總計[NT],1.受僱人員報酬[NT],[1]本業薪資[NT],[2]兼業薪資[NT],[3]其他收入[NT],2.產業主所得[NT],[1]農業淨收入[NT],[2]營業淨收入[NT],[3]執行業務淨收入[NT],3.財產所得收入[NT],4.自用住宅設算租金收入[NT],5.經常移轉收入[NT],[1]從私人[NT],[2]從政府[NT],[3]社會保險受益[NT],[4]從企業[NT],[5]從國外[NT],6.雜項收入[NT],[二]非消費支出[NT],1.利息支出[NT],2.經常移轉支出[NT],[1]對私人[NT],[2]對政府[NT],[3]社會保險[NT],[4]對國外[NT],[三]可支配所得[NT]
98年,總平均,1572205,874274,523023,384362,35379,103282,102789,34,95400,7354,68993,65245,114090,65147,18641,28518,1133,651,135,151706,13059,138647,48998,31606,53520,4523,722568
98年,農林漁牧業,1923,618847,183657,181119,-,2538,27802,27802,-,-,258660,59882,88847,30052,43502,15293,-,-,-,99835,-,99835,47586,25923,24535,1790,519012
98年,工業,258150,971578,683899,534587,336,148976,88987,-,87059,1928,45383,66906,86257,41283,16204,28233,537,-,146,181316,14112,167203,56957,39894,68180,2172,790263
98年,批發及零售業,297197,851958,475836,387149,658,88029,188482,-,185985,2496,46670,64357,76445,36750,13820,23133,351,2391,168,147465,13775,133689,43727,27280,56405,6277,704493
98年,運輸及倉儲業,66413,879262,568089,458256,879,108955,137829,-,137829,-,27890,63188,82239,44090,14458,23547,144,-,26,166551,10801,155750,54150,36201,59485,5914,712711
98年,住宿及餐飲業,72306,645197,300514,256377,2503,41633,200782,-,200782,-,26416,42268,74991,34561,20400,19373,645,12,225,97382,8747,88636,31397,14065,41457,1717,547814
98年,出版影音及資通訊業,54480,1032709,767400,584172,-,183228,68456,-,59423,9033,65531,69444,61801,22325,11964,26881,631,-,77,227524,26048,201476,64316,54637,75582,6941,805185
98年,金融及保險業,102240,1092435,896180,661405,40606,194168,16619,-,-,16619,54521,60231,64836,26102,12053,26645,36,-,49,201181,13082,188100,56977,49060,77993,4070,891254
98年,不動產業,16765,986389,759838,578425,-,181414,64578,-,64578,-,51443,58766,51718,15308,13313,23097,-,-,45,193120,33647,159473,51891,38086,68882,615,793268
98年,專業、科學及技術服務業,64857,1142727,757244,598956,-,158288,124955,-,72974,51980,114184,70016,76278,23274,12637,32029,8336,-,50,232683,13440,219244,70373,70453,77970,447,910044
98年,支援服務業,37900,705023,452252,371212,-,81039,29330,-,29330,-,67237,51654,104467,50052,10542,40761,-,3112,84,117061,9741,107320,34176,24847,48062,234,587961
98年,公共行政及國防,64952,1032959,832865,622175,10204,200485,-,-,-,-,35400,69259,95360,43873,11428,39814,244,-,76,202197,16862,185335,55911,42646,81552,5225,830762
98年,教育服務業,75574,928657,718356,554212,16897,147246,34403,-,34403,-,37790,67207,70836,30872,13627,26040,278,19,66,190609,17700,172909,62305,27112,75538,7954,738048
98年,醫療保健及社會工作服務業,50151,1076173,745410,597467,5171,142771,132389,-,45883,86506,47123,64177,87052,45491,11174,30387,-,-,21,225039,16938,208101,64697,46053,68356,28995,851134
98年,藝術、娛樂及休閒服務業,14008,753427,481445,398387,-,83058,131558,-,120242,11316,45721,40961,53615,20706,13144,19765,-,-,126,164372,20273,144098,56771,32738,54521,69,589055
98年,其他服務業,94274,792283,268010,229712,4904,33394,340311,-,337518,2793,29693,51561,102468,56875,23307,22287,-,-,240,138843,14366,124477,53866,22847,42369,5396,653440
98年,無業者,301016,672638,180456,1184,160420,18852,-,-,-,-,158485,76924,256590,181705,34739,36625,2879,642,183,65245,6517,58728,32759,13059,11523,1387,607393
99年,總平均,1630686,884546,541638,393629,34817,113192,93450,1219,84815,7416,67347,65428,116462,70219,16253,28189,746,1055,220,143433,13378,130054,38729,30381,59330,1614,741113
99年,農林漁牧業,5826,543025,-,-,-,-,341315,341315,-,-,2975,36336,162188,93249,54092,14847,-,-,212,33879,-,33879,11851,4868,17159,-,509147
99年,工業,266536,982857,699064,548791,74,150198,70722,-,68743,1979,52360,70650,89809,49879,11680,26879,194,1177,251,171321,17038,154283,38450,36857,76261,2715,811536
99年,批發及零售業,284073,876692,459644,362585,1898,95161,238597,-,236890,1707,44564,60025,73726,37537,11165,24292,732,-,136,144864,16031,128833,39820,27300,59951,1763,731828
99年,運輸及倉儲業,70166,919677,575294,439096,6314,129884,142699,-,142699,-,43864,70523,87012,44942,14042,27403,625,-,285,167526,15894,151632,47813,32646,66087,5086,752151
99年,住宿及餐飲業,76070,622424,311572,261758,2264,47551,171393,-,171393,-,24784,39477,74963,40821,11030,18947,1095,3071,234,83547,9890,73656,23414,9025,41101,116,538877
99年,出版影音及資通訊業,50243,1110053,891053,671331,2544,217178,24466,-,24466,-,59463,60693,74266,37852,10510,25899,4,-,112,201365,16235,185131,40219,53934,88223,2755,908688
99年,金融及保險業,102610,1153833,941758,705985,845,234928,-,-,-,-,79000,65101,67914,29751,10221,27262,624,57,60,221369,17983,203386,51883,57857,91005,2641,932464
99年,不動產業,13137,1203342,949740,648006,-,301735,97789,-,97789,-,22371,53255,80135,46427,10064,23644,-,-,51,223111,21751,201360,45891,77732,77006,731,980231
99年,專業、科學及技術服務業,82699,1151447,800756,630438,473,169844,145324,-,76969,68355,65667,63213,76411,34491,12566,28755,599,-,78,205223,16423,188800,51611,54966,80508,1716,946224
99年,支援服務業,42509,678965,420050,349055,-,70995,41421,-,41421,-,39691,50867,126472,73118,17361,29879,6114,-,465,111481,7174,104307,40389,15386,48405,128,567484
99年,公共行政及國防,69507,1014378,804387,607745,-,196642,-,-,-,-,42422,78738,88670,34409,6135,46824,1302,-,161,184178,21340,162838,43210,37567,79640,2421,830201
99年,教育服務業,93864,1019604,793279,620317,10512,162450,41400,-,41400,-,32918,62943,88979,44720,11766,32112,381,-,85,185526,15914,169611,50763,35153,83115,580,834078
99年,醫療保健及社會工作服務業,55075,1137359,854349,677586,-,176763,127205,-,40257,86948,28581,59987,67137,27549,11754,27834,-,-,99,222177,6628,215548,55621,62477,96877,573,915182
99年,藝術、娛樂及休閒服務業,11670,677305,456955,391337,-,65618,49436,-,36677,12759,47966,49550,73349,41600,11702,20047,-,-,50,97509,7083,90426,22958,14343,52469,656,579797
99年,其他服務業,72605,623842,289195,246252,541,42402,178487,-,171727,6760,30232,42708,82987,41211,18875,22829,72,-,232,92234,10438,81796,24887,11570,45178,161,531608
99年,無業者,334097,659252,181279,-,162593,18686,-,-,-,-,147723,79212,250639,181493,32651,32029,971,3494,399,62888,6168,56720,28588,11170,16358,603,596364
100年,總平均,1683116,857732,547253,392977,36021,118256,85470,315,85155,-,69402,63649,91824,42707,16354,31855,471,437,133,153708,11789,141919,39357,38754,60991,2817,704024
100年,農林漁牧業,1450,363061,-,-,-,-,220000,220000,-,-,133,88333,51261,10667,19248,21347,-,-,3333,49758,-,49758,18650,8827,22281,-,313303
100年,工業,272839,935553,688413,531035,1973,155405,68774,-,68774,-,41225,67679,69386,29010,12525,27712,11,128,76,185147,18108,167039,47058,41069,77307,1604,750406
100年,批發及零售業,309865,796061,458761,357534,1096,100131,190998,683,190315,-,32943,54251,58945,25031,11625,21969,320,-,164,142475,12344,130131,35796,29607,59957,4771,653586
100年,運輸及倉儲業,70046,834403,560454,435056,4186,121212,117750,-,117750,-,24952,59687,71260,22700,13004,35515,42,-,300,149378,16134,133244,37066,26977,68857,344,685024
100年,住宿及餐飲業,85302,662167,325685,271990,1268,52426,191130,-,191130,-,42748,39624,62891,30467,14066,18357,-,-,90,99232,11345,87887,29835,13320,44622,111,562936
100年,出版影音及資通訊業,70268,1193568,798224,619455,-,178769,49265,-,49265,-,219103,63255,63695,17210,10985,35159,341,-,26,340072,11740,328332,46664,188423,90607,2637,853496
100年,金融及保險業,104924,1309788,1034576,765977,1279,267320,-,-,-,-,129601,72093,73471,22545,11134,39792,-,-,48,242650,16037,226612,55461,71904,98825,423,1067138
100年,不動產業,16803,1087491,765432,483807,-,281625,-,-,-,-,194432,91032,36595,2895,10597,23103,-,-,-,212532,13202,199331,41393,81377,76415,146,874958
100年,專業、科學及技術服務業,72480,972523,718181,557103,3015,158063,98061,-,98061,-,31223,64971,60002,24914,11433,22563,1092,-,85,176532,9975,166556,33837,51545,77488,3687,795991
100年,支援服務業,46783,622460,452062,362878,-,89183,44214,-,44214,-,22413,58236,45444,15562,9829,19894,159,-,91,107324,8682,98642,25742,14242,58557,100,515136
100年,公共行政及國防,77953,1070760,867024,655204,1805,210015,-,-,-,-,47018,88708,67836,18018,6709,42906,203,-,174,210751,17213,193538,59997,44567,88584,390,860010
100年,教育服務業,85290,881406,735952,579683,6831,149438,5608,-,5608,-,28423,47382,63951,18444,9780,35662,64,-,91,162942,10768,152174,39057,30189,77823,5104,718464
100年,醫療保健及社會工作服務業,51863,1236578,887189,675178,623,211388,168953,-,168953,-,45260,74868,60202,22447,10941,26258,556,-,107,288545,14706,273839,58616,84426,104719,26078,948033
100年,藝術、娛樂及休閒服務業,8917,856682,614643,521664,-,92979,65771,-,65771,-,51737,74523,49994,21455,10888,17652,-,-,14,142762,6815,135947,37337,33102,65331,177,713920
100年,其他服務業,86922,675237,304555,257831,4426,42298,211809,-,211809,-,23014,53026,82580,38126,16844,27611,-,-,252,106664,11067,95596,35151,13457,44032,2956,568573
100年,無業者,321411,616002,202373,308,180001,22064,505,-,505,-,135312,71808,205842,118851,35703,47470,1638,2181,163,57456,3344,54112,28798,10464,14194,656,558546
101年,總平均,1721248,870874,553245,400942,41329,110974,99158,499,98659,-,62092,57484,98819,47105,16212,34707,425,369,76,156250,9974,146276,47444,35218,61665,1950,714623
101年,農林漁牧業,3629,427827,18751,18471,-,280,204844,204844,-,-,8137,48444,147483,93242,42257,11984,-,-,169,53976,-,53976,10194,8581,35201,-,373852
101年,工業,261527,943759,697400,545619,6150,145631,93876,444,93432,-,32572,57273,62524,21078,12403,28856,187,-,114,184955,10289,174666,47469,44473,81750,974,758804
101年,批發及零售業,316685,856874,527803,422184,2959,102660,182031,-,182031,-,26963,55253,64762,23996,12497,28147,123,-,63,149696,9884,139811,42578,28722,66629,1883,707179
101年,運輸及倉儲業,63607,860181,549249,426898,-,122351,174423,-,174423,-,19169,51634,65691,22806,11631,31254,-,-,15,145665,6995,138669,42212,26839,69250,368,714516
101年,住宿及餐飲業,91593,644199,354026,303493,1141,49392,176594,-,176594,-,16114,34253,63164,22263,12654,28240,-,-,48,94821,9437,85384,31105,9280,44877,122,549378
101年,出版影音及資通訊業,74701,1160824,901027,707620,4738,188669,93872,-,93872,-,45286,66396,54222,19887,11720,22615,-,-,22,239615,19837,219777,59728,70199,89164,686,921209
101年,金融及保險業,93161,1156564,969835,719002,529,250304,15580,-,15580,-,66310,43555,61276,20900,11075,26209,1455,1637,8,244392,11366,233026,62782,72024,97590,631,912172
101年,不動產業,17615,1119210,752523,506087,-,246436,136921,-,136921,-,92128,91201,46340,7543,11864,26933,-,-,96,187527,11279,176247,58404,47603,69649,592,931683
101年,專業、科學及技術服務業,74455,1043517,660381,519730,5684,134967,226861,-,226861,-,33221,57386,65648,27805,12201,25458,184,-,20,212218,10921,201297,63747,56466,79623,1460,831299
101年,支援服務業,43831,677105,504907,406428,13297,85182,23241,-,23241,-,21114,57561,70243,24616,11872,33755,-,-,38,129126,10980,118147,37104,17979,57069,5995,547979
101年,公共行政及國防,72948,1002764,835582,632209,-,203372,-,-,-,-,40522,54932,71706,19641,9468,42554,42,-,21,211417,14171,197245,63832,45864,86577,972,791347
101年,教育服務業,73522,1049388,828849,646987,13681,168181,36149,-,36149,-,50786,63691,69891,23026,12650,34215,-,-,23,237708,14393,223314,74225,45456,94096,9537,811681
101年,醫療保健及社會工作服務業,70873,1160500,924564,740450,12819,171295,24660,-,24660,-,89599,63076,58596,24536,11216,22710,135,-,4,271841,18318,253524,76664,84153,90073,2633,888658
101年,藝術、娛樂及休閒服務業,17577,750744,464976,383413,-,81563,117216,-,117216,-,65128,53495,49929,22701,8822,18406,-,-,-,126104,13754,112350,33176,21780,57188,206,624640
101年,其他服務業,84823,730658,284653,241582,2536,40535,297252,-,297252,-,18468,47554,82601,33274,18874,30453,-,-,129,121215,12517,108698,42993,14981,46937,3787,609443
101年,無業者,360702,655028,203369,127,180064,23178,-,-,-,-,157363,67414,226735,136786,30318,56960,1336,1336,147,69110,3631,65478,35224,14456,13873,1925,585918
102年,總平均,1728211,865669,531453,385983,37626,107844,111207,256,110951,-,54550,57738,110620,51098,16946,40565,453,1558,102,143556,10120,133436,38437,29549,63984,1467,722113
102年,農林漁牧業,1535,633748,192863,180762,-,12101,288371,288371,-,-,13892,101118,37504,6611,7909,22983,-,-,-,63605,-,63605,13267,25692,24645,-,570143
102年,工業,287654,1061861,786429,607659,175,178594,99631,-,99631,-,58071,60983,56671,18676,12979,24539,477,-,77,215477,11469,204008,50281,50125,101125,2478,846383
102年,批發及零售業,296699,915199,496199,398104,176,97919,274362,-,274362,-,25700,46178,72674,22050,12331,34076,1116,3100,88,137292,10584,126708,35051,25219,65989,449,777908
102年,運輸及倉儲業,70553,921386,628559,472565,15836,140158,147267,-,147267,-,13718,51258,80523,17121,12870,45159,-,5374,61,157739,11343,146396,39085,32076,75017,218,763647
102年,住宿及餐飲業,88353,681692,341662,287234,232,54196,234118,-,234118,-,7440,33330,64940,21711,14671,28558,-,-,203,87859,5422,82437,24458,14172,43115,692,593834
102年,出版影音及資通訊業,52577,1056497,888635,698195,-,190440,30782,-,30782,-,28235,69910,38839,14245,10403,14192,-,-,96,220595,16392,204203,55444,47701,100738,320,835902
102年,金融及保險業,97487,1098515,954771,682576,41595,230601,-,-,-,-,41779,51538,50386,17907,10398,19580,-,2501,39,217550,22187,195363,44868,54140,95948,407,880964
102年,不動產業,12232,1342433,996360,643146,-,353214,87887,-,87887,-,141492,55658,60882,23786,14504,22592,-,-,154,267974,6438,261535,68299,85980,106886,370,1074459
102年,專業、科學及技術服務業,67391,969655,674642,524620,1895,148128,168551,-,168551,-,24245,48474,53714,19554,14215,19946,-,-,29,186977,11814,175163,48599,38993,87086,485,782678
102年,支援服務業,46490,676224,501027,401331,14343,85354,16852,-,16852,-,30527,51975,75651,28422,11336,35661,231,-,192,123429,13602,109827,33958,17130,58666,74,552795
102年,公共行政及國防,68356,1027863,858548,639553,4112,214883,-,-,-,-,16592,68277,84413,27008,9938,47208,259,-,33,208362,10437,197926,49069,46928,89977,11952,819501
102年,教育服務業,72674,1010158,829469,651541,15430,162498,33753,-,33753,-,35487,51679,59757,8053,13900,37805,-,-,12,206059,12892,193167,50530,41111,95042,6484,804099
102年,醫療保健及社會工作服務業,55348,990898,688688,543259,6617,138811,142602,-,142602,-,36907,41543,81099,37687,10357,33055,-,-,59,155141,4159,150981,42556,27632,80549,244,835757
102年,藝術、娛樂及休閒服務業,17920,851080,479920,401794,10459,67667,214761,-,214761,-,29760,64656,61880,24985,13731,23164,-,-,102,128175,24998,103177,28363,17420,57027,367,722904
102年,其他服務業,80280,749488,323960,270133,5486,48340,268799,-,268799,-,21786,47306,87409,27532,19717,40121,38,-,228,102072,9039,93033,31761,14741,46403,129,647416
102年,無業者,412664,589062,139958,-,137008,2949,-,-,-,-,120968,75318,252677,146989,29962,72256,684,2787,140,57357,5294,52064,27157,10004,14427,476,531704
103年,總平均,1757299,881224,565976,410951,36019,119005,93623,510,93113,-,59390,60015,102175,45690,17073,37927,295,1190,46,152657,10741,141916,36406,31008,71509,2993,728568
103年,農林漁牧業,2075,875332,83808,69718,-,14091,431866,431866,-,-,271489,52994,35175,-,11915,23260,-,-,-,182589,39039,143551,52444,16412,74695,-,692743
103年,工業,262215,1034723,789248,601199,2155,185894,78471,-,78471,-,36846,68767,61339,23718,13393,23301,134,794,52,196736,11238,185498,38351,47763,96837,2546,837988
103年,批發及零售業,282415,913488,533747,420010,891,112846,213471,-,213471,-,34011,63355,68881,26836,12506,29264,274,-,23,153224,13929,139295,37524,25603,73972,2197,760264
103年,運輸及倉儲業,68052,850630,602322,476513,3065,122743,92015,-,92015,-,17184,58677,80411,24212,12833,37324,211,5830,20,146044,10067,135977,29775,29598,72789,3815,704586
103年,住宿及餐飲業,94504,657281,362292,297065,642,64585,193174,-,193174,-,9409,29966,62381,18835,14705,28840,-,-,58,93349,5839,87509,20621,10675,55626,588,563932
103年,出版影音及資通訊業,77108,1101610,898082,699721,-,198361,58759,-,58759,-,37174,55398,52194,24971,12537,14274,245,166,3,244469,15875,228593,50528,59914,108889,9262,857141
103年,金融及保險業,107359,1143002,1002857,749809,2871,250177,5852,-,5852,-,33478,54820,45975,13958,12644,18416,956,-,22,223323,14440,208883,45034,49541,112085,2223,919680
103年,不動產業,14437,967349,794680,583905,-,210775,30498,-,30498,-,45815,62030,34327,4766,11420,18142,-,-,-,183130,29666,153464,38444,34235,80682,103,784219
103年,專業、科學及技術服務業,84020,1119268,721703,567336,-,154367,208066,-,208066,-,69134,62722,57634,21293,12253,20364,1234,2490,10,212720,10433,202288,50463,45984,105489,352,906548
103年,支援服務業,52146,658486,489344,397109,5233,87002,20431,-,20431,-,33745,45116,69699,29796,13089,26755,59,-,152,124543,10637,113907,31182,14998,60097,7630,533943
103年,公共行政及國防,75230,1014172,844756,620377,8906,215473,-,-,-,-,38385,55090,75923,31587,8133,35998,205,-,18,201341,12611,188730,48167,38373,99845,2344,812831
103年,教育服務業,83940,1071056,886374,693843,8975,183556,35064,-,35064,-,35515,57009,57089,12552,13379,30974,183,-,5,203985,9941,194044,43470,43917,106349,308,867071
103年,醫療保健及社會工作服務業,59822,1242516,975929,749725,5872,220332,107011,-,107011,-,44238,52027,63310,16729,12142,33500,939,-,1,284164,22033,262131,56695,73545,122265,9626,958352
103年,藝術、娛樂及休閒服務業,13362,996156,501245,402698,3019,95528,320363,-,320363,-,49571,54234,70734,20554,11589,23227,-,15365,8,118923,1906,117017,32065,20280,64323,350,877232
103年,其他服務業,68818,779351,332864,272203,4986,55675,297503,-,297503,-,20043,48970,79854,33138,16489,30226,-,-,117,122087,14347,107740,38227,13945,55483,84,657263
103年,無業者,411795,582763,148164,301,144420,3443,-,-,-,-,138978,67495,228049,119584,30887,74822,185,2571,77,61116,4684,56432,25165,10676,16981,3610,521647
104年,總平均,1834589,856909,532544,375280,49060,108204,93432,349,93082,-,61887,56597,112389,52705,18211,40032,619,823,60,140410,8428,131982,32884,29512,67518,2068,716499
104年,農林漁牧業,3599,618174,237890,218634,-,19255,175074,175074,-,-,11132,67499,126579,74735,33879,17965,-,-,-,66037,3550,62488,27224,15008,20256,-,552136
104年,工業,283665,1024803,779622,594522,2657,182443,82702,-,82702,-,33288,61716,67383,24094,17251,25067,58,914,92,192350,13847,178503,37660,44055,94778,2011,832453
104年,批發及零售業,281195,880447,518689,410002,2937,105751,217026,-,217026,-,26919,50723,67055,28208,12478,25835,534,-,36,144014,7010,137004,30134,25137,78311,3422,736434
104年,運輸及倉儲業,74008,868160,522753,408118,2358,112277,179684,-,179684,-,36436,58943,70277,24454,13066,32199,558,-,66,144317,6147,138170,34523,26726,76827,94,723843
104年,住宿及餐飲業,91496,653181,381867,322173,81,59613,161785,-,161785,-,7991,31765,69690,29224,16016,24087,363,-,83,90667,3882,86785,18301,10851,57304,329,562514
104年,出版影音及資通訊業,67832,1042962,844798,644344,-,200453,65052,-,65052,-,38782,60414,33851,9684,11936,12231,-,-,65,210212,12229,197982,40184,55542,102133,123,832750
104年,金融及保險業,109971,1250993,1062520,768664,17268,276588,13799,-,13799,-,61292,56656,56723,18453,12696,25574,-,-,2,271050,15465,255585,52282,79052,120875,3375,979943
104年,不動產業,9884,992732,693292,517245,-,176048,143291,-,143291,-,30452,58413,67284,40037,13592,13655,-,-,-,170273,9455,160818,36089,34218,90511,-,822459
104年,專業、科學及技術服務業,80158,1111627,723492,564808,-,158684,242767,-,242767,-,36981,48379,59895,24134,11373,24388,-,-,113,199291,9503,189788,42608,43172,97416,6592,912336
104年,支援服務業,47933,673317,506059,403066,11533,91460,42472,-,42472,-,11657,44853,68041,32583,10221,25131,106,-,234,108976,7989,100987,21933,11474,67523,57,564341
104年,公共行政及國防,61845,1017568,844689,623069,11653,209967,-,-,-,-,24457,57466,90931,20071,7478,63124,258,-,26,192401,9175,183226,51329,34655,95039,2202,825167
104年,教育服務業,77420,1048093,826793,639118,22706,164969,10036,-,10036,-,81116,56906,73232,14714,13721,44672,125,-,10,203421,5696,197725,46378,47578,103645,125,844672
104年,醫療保健及社會工作服務業,50918,996131,678141,534176,-,143965,175904,-,175904,-,24047,52017,65976,26923,13215,25037,801,-,45,182286,14727,167558,36501,34674,96292,91,813845
104年,藝術、娛樂及休閒服務業,12506,737806,628790,512261,3084,113445,7674,-,7674,-,5497,30962,64883,23680,26522,14680,-,-,-,173304,8207,165097,18795,18254,77512,50537,564501
104年,其他服務業,86236,704190,340092,284305,6074,49713,225720,-,225720,-,14733,39778,83795,24587,16294,42914,-,-,73,96604,8997,87607,22472,12298,52784,53,607586
104年,無業者,495923,611584,169960,-,166862,3097,110,21,89,-,140156,66929,234378,129913,29796,70489,1659,2521,52,58369,4709,53660,25709,11820,15069,1062,553216
105年,總平均,1826511,854158,501356,361584,39993,99780,109447,623,108824,-,66829,59705,116777,52768,17378,45817,311,503,45,130481,7042,123439,31821,27815,62677,1126,723678
105年,農林漁牧業,1968,918963,245612,89418,127969,28225,578377,578377,-,-,9215,23560,62199,4740,28986,28473,-,-,-,91075,-,91075,35315,14847,40914,-,827887
105年,工業,269751,1043822,756804,574617,7853,174334,119506,-,119506,-,42287,68134,57039,18249,12522,26140,128,-,52,185425,10665,174760,40571,42032,91984,174,858398
105年,批發及零售業,277161,908543,494503,395265,1004,98233,252933,-,252933,-,43527,53983,63558,23894,12415,27191,57,-,40,135400,8814,126587,29574,25783,70905,324,773142
105年,運輸及倉儲業,65232,974841,655982,508404,-,147577,135376,-,135376,-,37590,59970,85907,37459,14455,33912,81,-,16,170615,7408,163207,40181,40676,82305,45,804226
105年,住宿及餐飲業,94632,706596,340616,289406,-,51210,240259,-,240259,-,15924,41329,68371,23459,15908,29003,-,-,97,87720,2873,84847,20751,10789,53161,146,618876
105年,出版影音及資通訊業,85796,1039178,841995,667141,6345,168509,20458,-,20458,-,70860,60796,45048,16586,12530,15409,523,-,21,198203,10628,187575,35276,56103,95926,270,840976
105年,金融及保險業,78771,1216460,1040692,769292,-,271400,13231,-,13231,-,62092,59662,40768,9855,12057,18764,92,-,16,241744,9886,231858,56168,60000,108873,6817,974716
105年,不動產業,15100,1212002,856459,650401,18764,187294,63411,-,63411,-,70329,83906,137856,59132,17707,57629,3387,-,41,213554,20312,193242,50133,40641,95344,7124,998449
105年,專業、科學及技術服務業,70637,1064754,724136,564904,1053,158180,180429,-,180429,-,50900,54813,54471,17654,12653,24164,-,-,4,185313,11320,173993,41396,38089,94178,330,879441
105年,支援服務業,44981,672325,444822,373602,-,71220,80643,-,80643,-,26381,51132,69231,27432,10978,30821,-,-,115,103107,6179,96928,28099,14096,54690,43,569218
105年,公共行政及國防,53838,1056446,882233,657846,-,224387,-,-,-,-,36949,53499,83713,25085,6970,51658,-,-,51,216075,14812,201263,40377,37089,108692,15104,840370
105年,教育服務業,70490,1061269,861610,661509,34094,166007,26273,-,26273,-,35782,56546,81056,29800,13136,37944,176,-,2,189574,9571,180002,36225,39802,103090,885,871695
105年,醫療保健及社會工作服務業,75615,1111867,677705,540427,6312,130965,256861,-,256861,-,51988,67011,58300,13752,18054,26188,306,-,3,202761,5425,197336,52448,49872,93807,1208,909107
105年,藝術、娛樂及休閒服務業,13606,836522,423700,347762,-,75938,229670,-,229670,-,48373,46011,88703,31202,23250,34251,-,-,65,135776,6146,129629,31085,25535,72934,76,700747
105年,其他服務業,89414,711949,301089,257306,2230,41554,227417,-,227417,-,29281,45853,108236,39817,19847,48335,238,-,72,91842,5413,86429,24786,12095,49493,55,620107
105年,無業者,519518,567730,131944,267,127842,3835,-,-,-,-,127199,65113,243422,127261,26909,86805,680,1767,52,45775,2430,43345,20400,9887,12602,456,521955
106年,總平均,1865336,880960,542953,393979,33520,115454,91619,1948,89671,-,68129,56537,121660,52587,16593,49919,456,2106,63,158279,8244,150035,46458,30819,70608,2149,722681
106年,農林漁牧業,8167,740346,145347,118847,-,26499,444820,444820,-,-,30734,34406,84856,26407,13807,44642,-,-,183,92199,-,92199,42293,20868,28830,208,648146
106年,工業,271401,1097986,815864,626719,211,188934,89976,-,89976,-,62054,64159,65881,22513,14701,27666,44,958,52,225658,11391,214267,63635,45911,104498,224,872328
106年,批發及零售業,280414,919599,547721,419012,1425,127285,209723,-,209723,-,35215,54795,72093,23514,13411,33032,281,1854,51,164568,9840,154728,46725,29271,76094,2638,755031
106年,運輸及倉儲業,69324,967985,659338,509021,9432,140885,125260,-,125260,-,35048,62647,85622,27921,14998,39676,37,2990,69,183012,10841,172171,48108,33637,85607,4819,784972
106年,住宿及餐飲業,100767,725272,364504,301892,-,62612,211227,-,211227,-,28113,32590,88785,29133,15578,37181,-,6893,52,104030,3474,100557,30443,11010,59073,30,621241
106年,出版影音及資通訊業,85629,1023832,847636,650300,-,197335,17953,-,17953,-,49243,57434,51567,18552,12825,18799,1392,-,-,218094,8073,210022,58103,44237,103439,4242,805738
106年,金融及保險業,99207,1300954,1104435,815253,-,289182,-,-,-,-,88251,51432,56820,17283,13948,21574,1371,2645,16,280398,16256,264142,62779,77021,121424,2918,1020556
106年,不動產業,17315,905988,636138,506660,-,129478,125985,-,125985,-,42967,53630,47207,18879,11268,17060,-,-,61,181222,7034,174188,52359,35481,86013,334,724767
106年,專業、科學及技術服務業,85607,1030025,675487,525579,4118,145789,171341,-,171341,-,57625,57722,67830,25930,12662,29115,123,-,20,190578,9361,181218,45434,36837,95041,3906,839447
106年,支援服務業,59450,634266,467493,380102,9562,77829,22712,-,22712,-,16951,46304,80640,35842,12761,32036,-,-,166,112826,7073,105754,31614,11480,62575,85,521439
106年,公共行政及國防,65187,1095387,932548,693138,979,238430,287,-,287,-,29756,63455,69257,15777,5412,48069,-,-,84,234502,8703,225799,58727,54669,112188,215,860885
106年,教育服務業,77777,1062014,878590,678385,8184,192020,30740,-,30740,-,28060,47928,76695,10200,16208,50166,121,-,1,242643,12150,230493,68325,37328,117806,7034,819372
106年,醫療保健及社會工作服務業,63543,1246290,871903,695755,-,176148,183913,-,183913,-,70017,65246,55164,13101,14075,27275,713,-,47,273266,9288,263979,74453,68815,110726,9984,973024
106年,藝術、娛樂及休閒服務業,19581,750805,543880,442249,-,101631,95196,-,95196,-,10583,42813,58319,15571,12123,30461,165,-,14,143736,4624,139112,43516,18332,77063,201,607068
106年,其他服務業,63320,754212,317585,266768,-,50817,288840,-,288840,-,12840,39454,95418,25376,14755,54409,877,-,76,105863,5451,100412,30952,12458,53007,3995,648349
106年,無業者,498647,576015,120484,-,119912,572,167,-,167,-,131568,61737,261960,135877,24627,96722,756,3978,99,60637,4494,56143,30028,10712,14562,841,515378
107年,總平均,1946102,843577,520522,385462,30598,104462,98026,242,97784,-,56278,57996,110725,45023,14292,48259,716,2435,29,132965,5945,127020,32508,27689,64390,2433,710612
107年,農林漁牧業,1043,977070,259851,236310,-,23541,451310,451310,-,-,8503,84445,172961,100291,8656,64013,-,-,-,93906,39114,54793,11281,14472,29040,-,883164
107年,工業,306410,1042683,772105,605726,1724,164655,110352,-,110352,-,38669,63716,57799,18804,13641,25177,177,-,42,180417,8565,171851,42498,39330,88962,1062,862266
107年,批發及零售業,300550,870813,527257,420542,933,105783,206331,-,206331,-,20361,50804,66030,19122,11858,31541,205,3304,31,134093,5140,128954,32248,23016,71034,2655,736720
107年,運輸及倉儲業,73068,923765,563057,432994,-,130063,205329,-,205329,-,33338,57820,64208,14076,13950,30291,1587,4305,13,156789,7345,149443,44401,27379,77602,61,766977
107年,住宿及餐飲業,106868,615701,384944,326492,596,57856,121680,-,121680,-,20571,30175,58325,15377,12640,29073,1234,-,6,83690,3154,80536,18020,9128,52765,623,532011
107年,出版影音及資通訊業,84914,1005553,782109,608766,1720,171623,65802,-,65802,-,46463,70902,40266,10338,12537,16837,553,-,11,190648,9618,181030,39429,43703,97720,178,814905
107年,金融及保險業,99686,1145394,955288,702296,-,252992,6431,-,6431,-,64809,66514,52352,15045,12831,24297,179,-,-,201746,6188,195558,41723,46003,107615,217,943648
107年,不動產業,10544,1137493,897575,777437,-,120138,34125,-,34125,-,50869,102482,52418,21354,9670,21393,-,-,25,338810,34031,304779,47717,68098,64797,124167,798683
107年,專業、科學及技術服務業,84152,1143908,745930,589347,-,156583,224652,-,224652,-,48848,57493,66984,18865,13612,30621,3886,-,-,197401,7115,190286,36410,59291,88247,6338,946506
107年,支援服務業,63260,652920,469053,389631,5440,73982,53497,-,53497,-,15229,45267,69819,31371,13572,24875,-,-,55,95575,1633,93943,18568,16070,59189,116,557344
107年,公共行政及國防,56028,1131794,956538,711683,-,244855,-,-,-,-,38743,77088,59405,17900,5173,36256,76,-,19,218183,10711,207472,43786,52889,110751,46,913611
107年,教育服務業,65867,994970,834540,652333,13991,168216,4821,-,4821,-,42151,56429,57017,8053,15141,32949,873,-,12,192813,6521,186292,47309,33249,104301,1433,802157
107年,醫療保健及社會工作服務業,76206,1269752,918411,733112,2671,182629,169764,-,169764,-,71317,48493,61759,25350,11298,25111,-,-,8,239209,12792,226417,45294,64564,101592,14967,1030544
107年,藝術、娛樂及休閒服務業,14253,678971,463948,376285,-,87663,78116,-,78116,-,21046,32806,83055,34503,11820,36732,-,-,-,90628,1582,89046,12397,12660,63765,224,588343
107年,其他服務業,87300,722277,313274,265344,-,47930,265984,-,265984,-,14842,40519,87648,19483,17470,50695,-,-,9,98066,3887,94178,29003,13012,48054,4110,624211
107年,無業者,515953,539956,114992,-,110591,4401,-,-,-,-,114193,64671,246052,119200,18218,100869,1116,6649,48,52613,3150,49463,22075,10688,16593,107,487343
108年,總平均,2030824,851300,535324,391033,28342,115949,87301,695,86606,-,70374,52893,105380,39686,13596,50900,575,622,30,144609,7447,137162,37002,30933,67634,1594,706691
108年,農林漁牧業,2629,984767,-,-,-,-,487483,487483,-,-,196326,118742,182216,113020,35666,33531,-,-,-,108257,12501,95756,45453,23394,26908,-,876510
108年,工業,280697,1036641,785243,601952,-,183291,90835,208,90627,-,47992,52610,59948,15535,12910,31386,116,-,14,197207,6753,190454,44351,48143,96107,1853,839434
108年,批發及零售業,317081,888122,577332,454885,1170,121277,162175,-,162175,-,32560,48376,67669,17623,12333,37288,100,324,10,152528,9245,143283,39265,25824,77167,1027,735595
108年,運輸及倉儲業,78353,957017,582643,444410,-,138233,209091,-,209091,-,46605,55304,63361,14516,12227,35927,693,-,14,156298,8251,148048,36605,31183,80180,79,800719
108年,住宿及餐飲業,101401,658605,430728,363811,-,66917,112925,-,112925,-,9210,24846,80780,26385,15892,38461,42,-,116,96276,3940,92336,23902,10166,58145,123,562329
108年,出版影音及資通訊業,83085,967719,780022,589388,-,190634,48038,-,48038,-,34299,47857,57495,12618,13203,29345,32,2297,9,185915,10532,175383,38081,34715,102526,61,781805
108年,金融及保險業,122201,1269844,1079371,785334,-,294037,24188,-,24188,-,53005,53201,60075,14893,13130,30824,374,855,3,261411,16088,245322,57287,71541,115967,527,1008433
108年,不動產業,15371,1116926,883815,668983,-,214832,37445,-,37445,-,56627,61970,77034,30235,12924,33875,-,-,35,237731,18426,219305,82755,51638,84777,134,879195
108年,專業、科學及技術服務業,94294,1070140,720173,571340,-,148833,183619,-,183619,-,56250,55856,54240,17492,12561,22736,1450,-,1,199021,13234,185788,46371,49441,89857,119,871118
108年,支援服務業,58242,721687,523386,429467,-,93918,59617,-,59617,-,27791,38296,72507,22501,10781,35538,-,3688,90,117619,11076,106543,20236,17935,63287,5086,604068
108年,公共行政及國防,65875,1107681,947336,696173,4273,246889,1081,1081,-,-,44609,55458,59196,14228,5566,39402,-,-,-,218122,9214,208908,50318,50895,107681,14,889559
108年,教育服務業,75789,1034084,865067,668265,3310,193492,20582,-,20582,-,38286,42290,67860,9805,14030,44025,-,-,-,191420,5522,185898,45332,34481,105303,783,842664
108年,醫療保健及社會工作服務業,78313,1198998,861902,663151,3267,195483,184142,-,184142,-,62849,39422,50677,13147,9872,27657,-,-,7,253234,11776,241457,65967,61044,95331,19115,945764
108年,藝術、娛樂及休閒服務業,20228,940436,475455,377025,23261,75170,355547,-,355547,-,8134,52283,49017,10955,16253,21809,-,-,-,156642,6535,150106,26670,59712,63617,108,783795
108年,其他服務業,70352,771853,325884,270497,3204,52184,280084,-,280084,-,37193,32096,96595,21209,15656,59730,-,-,-,101277,4488,96790,29763,13800,51753,1475,670575
108年,無業者,566911,525024,101687,-,98255,3432,-,-,-,-,147035,66951,209294,98461,15996,92170,1517,1149,58,56443,3182,53261,23453,11517,17707,584,468581
109年,總平均,2008552,857985,548462,401111,32251,115100,84389,-,84389,-,62922,52064,110128,38470,17092,53530,758,279,19,142788,6999,135789,36879,27308,70777,825,715197
109年,農林漁牧業,1066,604397,518026,436637,-,81389,-,-,-,-,8439,34079,43853,-,17229,26624,-,-,-,83232,30519,52714,1017,8819,42878,-,521165
109年,工業,286867,1067039,855387,654602,459,200327,47206,-,47206,-,45845,56994,61603,15076,16606,27992,1000,930,3,212385,10458,201928,48189,46559,106609,571,854654
109年,批發及零售業,314057,943215,554716,438591,503,115623,224033,-,224033,-,39216,48031,77207,21422,14979,40300,505,-,13,144998,6900,138098,35654,22761,79171,512,798216
109年,運輸及倉儲業,70043,872606,565693,435887,-,129806,147569,-,147569,-,23834,53325,82174,9253,23991,48930,-,-,11,153283,6682,146601,34897,27980,83724,-,719323
109年,住宿及餐飲業,116217,658270,397134,336440,-,60694,138445,-,138445,-,14031,30478,78174,13626,16823,46994,46,685,7,89135,4582,84554,19003,10405,54918,228,569135
109年,出版影音及資通訊業,86935,997383,846221,651849,-,194371,19556,-,19556,-,31927,41461,58212,17341,16048,24188,635,-,6,208026,11519,196507,46131,37204,113172,-,789357
109年,金融及保險業,103871,1138780,963426,695673,911,266842,5749,-,5749,-,48996,55846,64759,19550,18360,26744,105,-,5,227547,9372,218175,55283,44641,118250,-,911233
109年,不動產業,15882,1899768,726575,571383,-,155193,889687,-,889687,-,87952,72975,122578,22345,14015,86219,-,-,-,217086,23456,193631,66422,44768,82441,-,1682682
109年,專業、科學及技術服務業,97134,982093,710580,559604,1015,149961,139219,-,139219,-,33036,41601,57657,13307,16767,26855,728,-,-,175054,5983,169070,46614,28783,93665,9,807040
109年,支援服務業,66880,687524,517847,435353,-,82493,6205,-,6205,-,39743,36876,86833,24000,15155,47065,613,-,21,107478,3051,104427,23275,16177,64975,-,580047
109年,公共行政及國防,54412,1142385,981212,705810,9840,265562,-,-,-,-,35792,54418,70962,17997,7951,45014,-,-,-,233998,11944,222054,65135,42201,114718,-,908387
109年,教育服務業,86901,1058066,853815,662077,7637,184100,29924,-,29924,-,40452,46692,87183,15932,16094,53115,2042,-,-,202011,12031,189980,47636,35570,106764,10,856055
109年,醫療保健及社會工作服務業,74216,1369667,1043499,818497,12776,212227,175344,-,175344,-,46407,50071,54339,9449,15755,28608,528,-,7,293721,11748,281973,71140,87978,108577,14278,1075945
109年,藝術、娛樂及休閒服務業,18038,614079,476710,388096,-,88614,57056,-,57056,-,17279,21626,41407,1859,11938,27610,-,-,-,108882,1667,107214,27913,10583,68718,-,505197
109年,其他服務業,69315,778246,426473,358760,-,67713,175499,-,175499,-,27696,53423,95116,22268,16771,56077,-,-,39,119028,10304,108725,36253,14817,57655,-,659217
109年,無業者,546716,522020,116451,-,113674,2777,-,-,-,-,130486,62055,212980,96124,19501,95724,1238,392,48,50279,2587,47691,21082,10193,15971,445,471742
110年,總平均,1989534,880983,542060,400361,30428,111271,87674,-,87674,-,76831,51846,122561,41112,20199,58033,1282,1935,11,150463,7607,142856,38565,31960,70846,1485,730520
110年,農林漁牧業,-,-,-,-,-,-,-,-,-,-,-,-,-,-,-,-,-,-,-,-,-,-,-,-,-,-,-
110年,工業,263224,1170575,887914,690217,439,197259,98436,-,98436,-,50587,55738,77890,17530,19012,39347,119,1883,9,219240,9265,209975,47490,50837,108423,3224,951335
110年,批發及零售業,283825,1025746,590966,470714,756,119496,242999,-,242999,-,66598,50949,74222,15280,17608,40689,646,-,13,171907,9401,162505,39404,37716,83567,1818,853840
110年,運輸及倉儲業,63838,901007,594280,453470,-,140810,151259,-,151259,-,24308,49143,82017,20138,26528,34814,537,-,-,159491,11905,147586,33132,30242,84213,-,741516
110年,住宿及餐飲業,87951,705632,412910,352447,-,60463,171973,-,171973,-,11386,29992,79362,17804,19441,41687,429,-,9,98541,3814,94727,23282,10202,61242,-,607092
110年,出版影音及資通訊業,81889,1087139,926358,709904,-,216454,4173,-,4173,-,47899,46896,61813,9033,19034,20591,16,13139,-,211064,13313,197750,37025,45552,115173,-,876075
110年,金融及保險業,101426,1405877,1175418,868389,-,307030,15078,-,15078,-,77982,65343,72032,16883,19978,35164,7,-,23,287815,13519,274297,58848,84560,130889,-,1118062
110年,不動產業,16439,1265110,910597,697550,-,213047,215000,-,215000,-,45624,37895,55994,7273,17626,31096,-,-,-,247057,17493,229564,69774,46467,89314,24010,1018053
110年,專業、科學及技術服務業,90705,1175249,851573,655533,-,196040,156556,-,156556,-,41813,60598,64708,10711,18567,34857,573,-,-,238725,14324,224401,45112,68394,107983,2912,936524
110年,支援服務業,53892,687342,547649,457917,-,89732,13197,-,13197,-,11171,43588,71706,12833,17538,40886,72,377,31,115526,8075,107451,21464,14236,71751,-,571816
110年,公共行政及國防,47390,1072505,939503,702964,-,236539,-,-,-,-,30503,43120,59379,3530,9638,45738,473,-,-,210308,7037,203271,43041,37455,119496,3279,862197
110年,教育服務業,83897,1052230,827278,654199,8765,164315,43768,-,43768,-,36103,66415,78666,16783,20500,37687,462,3233,-,200938,11965,188972,41895,30197,111523,5357,851292
110年,醫療保健及社會工作服務業,69572,1389074,1030673,836456,4941,189276,174777,-,174777,-,54495,58774,70343,8194,16324,45055,770,-,12,268786,9950,258836,59578,82869,113223,3166,1120288
110年,藝術、娛樂及休閒服務業,16901,669823,461601,390067,-,71534,101683,-,101683,-,16638,14186,75696,26492,21681,27523,-,-,19,91308,5302,86006,12888,6124,66994,-,578515
110年,其他服務業,67756,896969,460855,391131,-,69724,248930,-,248930,-,27600,46901,112653,18962,20887,70560,2245,-,31,135314,8551,126764,46080,16788,63896,-,761655
110年,無業者,660829,499389,92727,-,89476,3251,55,-,55,-,137241,51727,217626,93638,22976,95069,2935,3007,12,59545,2647,56898,30935,8043,17759,160,439844
111年, 總平均,1977711,888014,543970,392540,35915,115515,86015,87,85928,-,67433,52825,137766,46719,24047,66027,794,178,6,153095,8101,144994,38511,30483,74403,1597,734919
111年,農林漁牧業,1589,656819,437859,338875,-,98983,108830,108830,-,-,37145,48263,24722,11649,11508,1566,-,-,-,93032,-,93032,9829,15658,67545,-,563787
111年,工業,235979,1272453,965715,713136,-,252579,107915,-,107915,-,53709,61631,83482,28500,24494,30358,129,-,-,250897,13670,237227,49937,64016,120707,2568,1021555
111年,批發及零售業,275912,1034812,624954,501041,498,123415,242767,-,242767,-,35791,48573,82724,20361,21783,40131,450,-,2,179036,8999,170037,44546,37108,88383,-,855776
111年,運輸及倉儲業,73310,979357,621464,453198,-,168267,182922,-,182922,-,34344,49316,91311,18019,26217,42093,4982,-,-,178743,14346,164398,40815,25054,98529,-,800614
111年,住宿及餐飲業,90121,721250,478859,407441,280,71138,117760,-,117760,-,12194,29522,82915,21944,19564,41208,200,-,-,104741,4492,100250,22937,9094,68219,-,616509
111年,出版影音及資通訊業,92918,1204367,1033266,812652,-,220613,13975,-,13975,-,47007,48712,61406,20615,20608,19578,606,-,-,250117,18350,231768,45292,56060,127820,2595,954249
111年,金融及保險業,100864,1223656,1027841,757956,1230,268656,-,-,-,-,64753,59142,71920,18019,25756,27719,425,-,-,244749,14602,230147,47156,44929,138062,-,978907
111年,不動產業,20221,1883804,1062828,776935,27897,257996,422610,-,422610,-,218316,102959,77092,14320,18393,42079,2300,-,-,405492,16257,389235,76070,114632,118707,79825,1478312
111年,專業、科學及技術服務業,82984,1215903,793630,624137,-,169493,220263,-,220263,-,62704,56480,82825,22264,26194,32345,1392,631,-,230588,10952,219636,57793,48719,113125,-,985315
111年,支援服務業,45132,777192,591590,493503,-,98087,31520,-,31520,-,25754,46560,81762,20833,21377,39253,299,-,6,128803,7259,121544,17167,19908,84469,-,648389
111年,公共行政及國防,40843,1217776,986056,721426,169,264461,-,-,-,-,38907,77742,115071,31613,13844,67554,2061,-,-,233016,4430,228586,54201,39758,131521,3106,984760
111年,教育服務業,77207,1066505,852142,677677,1547,172918,23967,-,23967,-,42563,50169,97664,19906,25664,51854,240,-,-,219147,10471,208676,54449,40373,113853,-,847358
111年,醫療保健及社會工作服務業,73505,1185648,914237,721772,5741,186724,113980,-,113980,-,30837,49018,77577,20926,22904,33611,135,-,-,251712,10037,241675,73601,54598,113476,-,933937
111年,藝術、娛樂及休閒服務業,17286,914696,553609,467934,-,85675,234013,-,234013,-,28392,26729,71954,14046,25125,32228,555,-,-,110130,-,110130,14580,12299,83252,-,804566
111年,其他服務業,47386,752159,357732,309276,-,48456,203659,-,203659,-,31472,38423,120873,30275,26171,64079,348,-,-,110134,7321,102813,36561,10616,55635,-,642026
111年,無業者,702455,501845,103304,-,99123,4181,-,-,-,-,108667,53923,235936,90942,25820,117866,881,428,15,54590,2903,51686,24383,8244,18247,813,447255
112年, 總平均,2069694.12,859054.41,513858.57,374476.72,34391.97,104989.88,91128.62,776.34,90352.28,-,68831.84,50211.43,135020.81,43124.45,25986.82,64500.29,1080.48,328.77,3.13,146768.4,7037.47,139730.93,38848.35,25080.18,74700.18,1102.23,712286.01
112年,農林漁牧業,2723.49,1484014.66,430663.74,352601.32,0,78062.42,589976.53,589976.53,0,-,237896.92,60898.08,164579.4,96022.38,29571.15,38985.86,0,0,0,269033.92,0,269033.92,103439.26,88431.82,77162.84,0,1214980.74
112年,工業,243559.47,1237760.65,952120.38,732273.91,504.88,219341.59,113877,0,113877,-,38702.84,54814.57,78245.86,20036.79,27081.18,29686.13,793.89,647.88,0,232142.53,10818.8,221323.72,49091.28,46311.68,125587.3,333.47,1005618.12
112年,批發及零售業,281331.33,962068.99,532524.08,426436.94,275.14,105812,260067.51,0,260067.51,-,39425.03,44431.29,85621.08,22037.3,26374.45,36845.92,363.41,0,0,161261.61,7628.82,153632.79,42512.48,21311.57,88774.59,1034.14,800807.38
112年,運輸及倉儲業,72483.47,1130725.99,729265.78,547320.62,890.49,181054.66,224583.58,0,224583.58,-,32254.14,47923.59,96698.9,36779.4,28762.2,31157.3,0,0,0,205073.53,7215.72,197857.81,41722.04,33060.98,117278.28,5796.51,925652.46
112年,住宿及餐飲業,97032.34,711038.93,417343.06,353104.81,0,64238.25,152152.24,0,152152.24,-,30396.19,23806.21,87341.23,15387.88,27341.37,44074.15,537.83,0,0,105607.89,4800.28,100807.61,25970.25,8072.46,66209.09,555.81,605431.04
112年,出版影音及資通訊業,108128.57,1122144.42,954774.86,741859.23,0,212915.63,22975.16,0,22975.16,-,34716.47,41355.77,68322.16,17483.46,26376.68,22688.62,1578.38,195.01,0,236233.82,10802.29,225431.54,46484.55,50498.69,128443.37,4.92,885910.6
112年,金融及保險業,93370.09,1232458.94,1033445.54,771450.82,0,261994.72,0,0,0,-,56676.69,61760.47,80576.24,26651.55,26075.17,27367.04,482.47,0,0,252854.7,11184.38,241670.32,52485.73,47677.21,141494.82,12.57,979604.24
112年,不動產業,13290.25,1273177.22,907812.09,602557.44,0,305254.66,192833.21,0,192833.21,-,46291.58,46558.97,79681.37,21982.8,24250.91,33447.66,0,0,0,201891.14,0,201891.14,60030.84,56337.84,85454.26,68.2,1071286.08
112年,專業、科學及技術服務業,80070.94,1099877.25,778749.29,611871.4,1105.83,165772.05,146116.1,0,146116.1,-,37494.12,44429.58,93088.15,38098.81,24266.97,30722.38,0,0,0,204107.01,10061.34,194045.67,43909.09,38529.03,111607.54,0,895770.24
112年,支援服務業,53492.01,745295.92,592974.06,496655.4,0,96318.66,4104.26,0,4104.26,-,23644.28,37244.57,87328.75,17258.59,27180.99,42889.17,0,0,0,127139.92,4760.29,122379.63,31483.56,10973.58,79922.48,0,618156
112年,公共行政及國防,42389.45,1220046.92,1028982.09,750834.81,3093.99,275053.29,0,0,0,-,38650.46,55098.59,97315.78,12516.49,16140.41,68571.14,87.73,0,0,241628.81,11016.55,230612.26,57565.31,41655.16,131391.79,0,978418.11
112年,教育服務業,79970.18,1012225.52,823545.51,669274.64,8397.82,145873.05,39340.01,0,39340.01,-,30772.99,31783.14,86783.87,14274.32,25644.86,46534.81,329.89,0,0,203726.62,9251.45,194475.16,50435.26,32449.07,111579.02,11.81,808498.91
112年,醫療保健及社會工作服務業,74405.23,1192425.44,838770,662761.31,0,176008.69,167628.76,0,167628.76,-,62478.5,54696.29,68851.9,13461.17,24140.92,31179.84,69.97,0,0,250140.78,18376.33,231764.44,60932.57,53806.81,115980.29,1044.78,942284.67
112年,藝術、娛樂及休閒服務業,24435.98,1021336.57,656271.22,532909.21,0,123362.01,188535.02,0,188535.02,-,45858.3,23265.21,107406.82,16644.18,33804.5,55633.92,1324.21,0,0,147759.64,5988.96,141770.68,27814.18,32828.74,81073.86,53.9,873576.93
112年,其他服務業,59931.77,858309.63,355371.66,305945.36,0,49426.3,296889.13,0,296889.13,-,34416.31,37646.94,133985.6,40044.82,28900.44,64846.83,0,193.51,0,133567.13,9621.43,123945.7,41495.45,13541.41,66904.36,2004.48,724742.5
112年,無業者,743079.56,500356.72,97158.45,0,94235.77,2922.68,98.84,0,98.84,-,121317.45,59137.19,222636.07,80245.42,25374.46,114196.75,2160.05,659.4,8.72,59577.63,2995.22,56582.41,27672.94,9288.08,17963.03,1658.35,440779.09
113年,總平均,2077682,892650,544189,391213,40313,112664,79363,392,78971,-,79846,51861,137385,42744,17885,74981,700,1076,6,154717,7387,147329,39511,31048,75131,1639,737934
113年,農林漁牧業,1569,668118,1285,0,0,1285,519774,519774,0,-,28627,57539,60894,664,11504,48727,0,0,0,55749,0,55749,6367,6740,42642,0,612369
113年,工業,223742,1244751,939833,721064,0,218769,131012,0,131012,-,41140,49228,83532,23335,18575,40223,1400,0,5,243105,7622,235483,53384,56396,124536,1167,1001645
113年,批發及零售業,279593,1002767,640064,512145,0,127919,200053,0,200053,-,36330,43138,83182,22073,17090,42652,1002,364,0,184170,7955,176214,46106,27360,97260,5487,818598
113年,運輸及倉儲業,64019,970305,623256,476563,7640,139053,176416,0,176416,-,33081,49529,88023,23985,18144,45603,291,0,0,169415,7353,162062,43486,24579,93914,84,800890
113年,住宿及餐飲業,89575,723880,465845,393423,353,72069,141661,0,141661,-,13708,19811,82855,23557,17717,41462,120,0,0,98263,2205,96059,21287,8269,66503,0,625617
113年,出版影音及資通訊業,87979,1218381,994266,764660,0,229606,71483,0,71483,-,40470,57380,54782,13300,18848,21845,789,0,0,263181,15410,247771,49776,56079,141915,1,955200
113年,金融及保險業,107227,1385810,1192911,859507,1784,331620,9643,0,9643,-,55894,56146,71216,12803,18982,33024,498,5909,0,338240,23038,315203,63183,102704,149265,50,1047569
113年,不動產業,14444,1443338,1048629,777433,4481,266714,201070,0,201070,-,51972,61872,79796,2997,17370,59429,0,0,0,234348,17527,216821,68287,56891,91643,0,1208991
113年,專業、科學及技術服務業,92577,1193075,825738,650371,0,175367,204574,0,204574,-,59855,50827,52081,7045,14654,29863,518,0,0,261005,13747,247258,70333,53384,116876,6664,932070
113年,支援服務業,57680,777397,581976,483581,0,98394,40417,0,40417,-,25265,44770,84970,23568,22707,38125,0,570,0,123149,2471,120678,28235,14867,77576,0,654248
113年,公共行政及國防,51743,1240802,1025353,731667,17562,276124,0,0,0,-,47805,68349,99295,12447,6295,78989,1564,0,0,251589,20316,231274,57542,41232,132482,17,989213
113年,教育服務業,79993,1127658,914584,730652,0,183932,23849,0,23849,-,34020,55974,99231,16274,18513,60791,252,3402,0,236612,12867,223745,58088,34125,131531,0,891046
113年,醫療保健及社會工作服務業,72639,1161263,931061,712434,19471,199157,88336,0,88336,-,40141,41165,60560,5496,15836,38948,279,0,0,247370,8940,238429,46925,74312,113892,3300,913893
113年,藝術、娛樂及休閒服務業,16580,943007,620066,503263,0,116803,213801,0,213801,-,29574,38991,40574,3422,13581,23571,0,0,0,145892,2067,143825,46321,24818,72687,0,797116
113年,其他服務業,63585,869326,507954,430509,505,76940,180542,0,180542,-,30703,30813,119315,23355,22882,73078,0,0,0,127416,2781,124635,35016,20211,68551,857,741910
113年,無業者,774739,550080,106893,0,104067,2826,0,0,0,-,148805,60380,233987,84266,18343,129140,697,1542,14,53337,2988,50350,23554,9539,16371,886,496742
